method,alpha,target_pesq_drop,actual_pesq_drop,calibration_ber,calibration_time,success
SVD_STFT,0.01,0.05,0.012398156610620603,0.0625,0.03647017478942871,True
Spread_Spectrum,0.001,0.05,0.22221478116593563,0.125,0.01797175407409668,True
DCT,0.01,0.05,0.0426899694637477,0.46875,0.01836395263671875,True
