,Method,Files_Processed,Avg_SNR_dB,Std_SNR_dB,Avg_BER,Std_BER,Avg_NC,Std_NC,Avg_PESQ,Std_PESQ,Avg_PSNR_dB,Std_PSNR_dB,Avg_Embed_Time_s,Avg_Extract_Time_s
0,SVD_STFT,100,-inf,,0.01,0.0656001937243074,0.9831055205940494,0.10936686366400782,4.954080791611267,0.3994211363365349,51.873084092140196,17.275342199948973,0.0848451805114746,0.02044297695159912
1,Spread_Spectrum,100,-inf,,0.0375,0.0637114287156543,0.9231193469485253,0.13117083787115538,4.503700906364511,0.6462935474517213,59.976915616144304,6.058274304661031,0.03223958253860473,0.03398010015487671
2,DCT,100,inf,,0.49546875,0.062195240242121856,0.006471277303682687,0.1257232182688663,4.994163164451808,0.02472516938528591,inf,,0.07143517255783081,0.00814706802368164
