,Method,Files_Processed,Avg_SiSNR_dB,Std_SiSNR_dB,Avg_BER,Std_BER,Avg_NC,Std_NC,Avg_TPR,Std_TPR,Avg_FPR,Std_FPR,Avg_PESQ,Std_PESQ,Avg_PSNR_dB,Std_PSNR_dB,Avg_Embed_Time_s,Avg_Extract_Time_s
0,SVD_STFT,100,inf,,0.01,0.0656001937243074,0.9831055205940494,0.10936686366400782,1.0,0.0,0.016842105263157894,0.11048453679883363,4.954080791611267,0.3994211363365349,51.873084092140196,17.275342199948973,0.08479943513870239,0.02181957006454468
1,Spread_Spectrum,100,inf,,0.0375,0.0637114287156543,0.9231193469485253,0.13117083787115538,0.958076923076923,0.0769415284785414,0.03447368421052631,0.058628929317051486,4.503700906364511,0.6462935474517213,59.976915616144304,6.058274304661031,0.03274512529373169,0.034362003803253174
2,DCT,100,inf,,0.49546875,0.062195240242121856,0.006471277303682687,0.1257232182688663,0.49692307692307686,0.10482359644947198,0.49026315789473685,0.08468888258131436,4.994163164451808,0.02472516938528591,inf,,0.07169721603393554,0.008253962993621826
