combination,alpha,block_size,midband_ratio,clean_ber,clean_snr,attack_success_rate,avg_attack_ber
1,0.05,"(8, 8)",None,0.375,-3.002587279725809,0.0,0.42857142857142855
2,0.1,"(8, 8)",None,0.375,-3.002587148039485,0.0,0.42857142857142855
3,0.15,"(8, 8)",None,0.375,-3.0025870164541377,0.0,0.42857142857142855
4,0.2,"(8, 8)",None,0.375,-3.002586884969769,0.0,0.42857142857142855
5,0.25,"(8, 8)",None,0.375,-3.002586753586378,0.0,0.42857142857142855
