{
  "method": "DCT",
  "alpha": 0.01,
  "original_file": "100sample_wav/music_wav/2 cholitas - Misa en Quechua en Pisac, Peru\u0301 - 7 7.wav",
  "watermark_bits": [
    0,
    0,
    1,
    0,
    0,
    0,
    0,
    0,
    1,
    0,
    0,
    0,
    0,
    0,
    0,
    0,
    1,
    0,
    1,
    1,
    0,
    0,
    1,
    1,
    1,
    0,
    0,
    1,
    0,
    0,
    1,
    0,
    1,
    1,
    1,
    0,
    1,
    0,
    1,
    0,
    1,
    1,
    0,
    0,
    0,
    0,
    1,
    0,
    0,
    0,
    1,
    1,
    1,
    1,
    0,
    1,
    1,
    0,
    1,
    0,
    0,
    0,
    0,
    1
  ],
  "extracted_bits": [
    1,
    0,
    1,
    0,
    1,
    0,
    1,
    1,
    0,
    0,
    0,
    0,
    0,
    0,
    0,
    1,
    0,
    1,
    0,
    0,
    1,
    1,
    1,
    0,
    0,
    1,
    1,
    1,
    0,
    0,
    0,
    1,
    0,
    0,
    0,
    0,
    0,
    0,
    0,
    0,
    0,
    0,
    0,
    1,
    1,
    1,
    0,
    1,
    0,
    1,
    1,
    0,
    0,
    1,
    0,
    1,
    0,
    0,
    1,
    1,
    1,
    0,
    0,
    1
  ],
  "metrics": {
    "SiSNR": 79.05322074890137,
    "BER": 0.5625,
    "NC": -0.16599190283400808,
    "PESQ": 4.99821631274095,
    "PSNR": 95.22170066833496,
    "MSE": 3.0049004950960523e-10,
    "SSIM": 0.0,
    "TPR": 0.3076923076923077,
    "FPR": 0.47368421052631576
  }
}