{
  "method": "DCT",
  "alpha": 0.01,
  "original_file": "100sample_wav/speech_wav/adventureholmes_12_doyle_64kb_part2.wav",
  "watermark_bits": [
    0,
    0,
    1,
    0,
    0,
    0,
    0,
    0,
    1,
    0,
    0,
    0,
    0,
    0,
    0,
    0,
    1,
    0,
    1,
    1,
    0,
    0,
    1,
    1,
    1,
    0,
    0,
    1,
    0,
    0,
    1,
    0,
    1,
    1,
    1,
    0,
    1,
    0,
    1,
    0,
    1,
    1,
    0,
    0,
    0,
    0,
    1,
    0,
    0,
    0,
    1,
    1,
    1,
    1,
    0,
    1,
    1,
    0,
    1,
    0,
    0,
    0,
    0,
    1
  ],
  "extracted_bits": [
    0,
    1,
    1,
    1,
    0,
    1,
    1,
    0,
    0,
    0,
    0,
    1,
    1,
    1,
    1,
    0,
    0,
    1,
    1,
    0,
    0,
    1,
    1,
    1,
    0,
    0,
    1,
    1,
    1,
    1,
    1,
    1,
    0,
    1,
    1,
    0,
    1,
    0,
    1,
    1,
    1,
    0,
    0,
    1,
    0,
    1,
    0,
    0,
    0,
    1,
    0,
    1,
    0,
    1,
    1,
    1,
    0,
    0,
    1,
    1,
    1,
    1,
    1,
    0
  ],
  "metrics": {
    "SiSNR": 68.05025577545166,
    "BER": 0.53125,
    "NC": -0.02834008097165992,
    "PESQ": 4.99937073517695,
    "PSNR": 86.81021690368652,
    "MSE": 2.084388883716315e-09,
    "SSIM": 0.0,
    "TPR": 0.5769230769230769,
    "FPR": 0.6052631578947368
  }
}