{
  "method": "DCT",
  "alpha": 0.01,
  "original_file": "100sample_wav/speech_wav/adventureholmes_08_doyle_64kb_part2.wav",
  "watermark_bits": [
    0,
    0,
    1,
    0,
    0,
    0,
    0,
    0,
    1,
    0,
    0,
    0,
    0,
    0,
    0,
    0,
    1,
    0,
    1,
    1,
    0,
    0,
    1,
    1,
    1,
    0,
    0,
    1,
    0,
    0,
    1,
    0,
    1,
    1,
    1,
    0,
    1,
    0,
    1,
    0,
    1,
    1,
    0,
    0,
    0,
    0,
    1,
    0,
    0,
    0,
    1,
    1,
    1,
    1,
    0,
    1,
    1,
    0,
    1,
    0,
    0,
    0,
    0,
    1
  ],
  "extracted_bits": [
    1,
    0,
    1,
    1,
    0,
    0,
    0,
    1,
    0,
    1,
    0,
    1,
    0,
    0,
    1,
    0,
    0,
    1,
    0,
    0,
    1,
    1,
    0,
    1,
    1,
    0,
    0,
    0,
    1,
    0,
    0,
    0,
    1,
    1,
    0,
    1,
    0,
    1,
    1,
    1,
    0,
    1,
    0,
    0,
    0,
    1,
    1,
    0,
    1,
    1,
    0,
    0,
    0,
    1,
    1,
    0,
    0,
    0,
    0,
    1,
    0,
    0,
    1,
    1
  ],
  "metrics": {
    "SiSNR": 74.35984134674072,
    "BER": 0.546875,
    "NC": -0.11383959916814836,
    "PESQ": 4.999939717023277,
    "PSNR": 98.41797828674316,
    "MSE": 1.439469099473456e-10,
    "SSIM": 0.0,
    "TPR": 0.38461538461538464,
    "FPR": 0.5
  }
}