{
  "method": "DCT",
  "alpha": 0.01,
  "original_file": "100sample_wav/speech_wav/autobiographyofelectron_13_gibson_64kb.wav",
  "watermark_bits": [
    0,
    0,
    1,
    0,
    0,
    0,
    0,
    0,
    1,
    0,
    0,
    0,
    0,
    0,
    0,
    0,
    1,
    0,
    1,
    1,
    0,
    0,
    1,
    1,
    1,
    0,
    0,
    1,
    0,
    0,
    1,
    0,
    1,
    1,
    1,
    0,
    1,
    0,
    1,
    0,
    1,
    1,
    0,
    0,
    0,
    0,
    1,
    0,
    0,
    0,
    1,
    1,
    1,
    1,
    0,
    1,
    1,
    0,
    1,
    0,
    0,
    0,
    0,
    1
  ],
  "extracted_bits": [
    0,
    0,
    1,
    0,
    1,
    0,
    0,
    0,
    0,
    0,
    1,
    0,
    1,
    0,
    1,
    0,
    1,
    1,
    0,
    1,
    1,
    0,
    1,
    0,
    0,
    1,
    0,
    0,
    0,
    1,
    1,
    1,
    1,
    1,
    1,
    0,
    0,
    0,
    0,
    1,
    1,
    0,
    0,
    1,
    1,
    0,
    0,
    1,
    0,
    1,
    1,
    0,
    1,
    1,
    0,
    1,
    0,
    0,
    1,
    1,
    1,
    0,
    0,
    1
  ],
  "metrics": {
    "SiSNR": 75.2220344543457,
    "BER": 0.421875,
    "NC": 0.1531808346899852,
    "PESQ": 4.99885752264451,
    "PSNR": 91.85420036315918,
    "MSE": 6.524988882539162e-10,
    "SSIM": 0.0,
    "TPR": 0.5769230769230769,
    "FPR": 0.42105263157894735
  }
}