{
  "method": "DCT",
  "alpha": 0.01,
  "original_file": "100sample_wav/speech_wav/autobiographyofelectron_01_gibson_64kb.wav",
  "watermark_bits": [
    0,
    0,
    1,
    0,
    0,
    0,
    0,
    0,
    1,
    0,
    0,
    0,
    0,
    0,
    0,
    0,
    1,
    0,
    1,
    1,
    0,
    0,
    1,
    1,
    1,
    0,
    0,
    1,
    0,
    0,
    1,
    0,
    1,
    1,
    1,
    0,
    1,
    0,
    1,
    0,
    1,
    1,
    0,
    0,
    0,
    0,
    1,
    0,
    0,
    0,
    1,
    1,
    1,
    1,
    0,
    1,
    1,
    0,
    1,
    0,
    0,
    0,
    0,
    1
  ],
  "extracted_bits": [
    1,
    0,
    1,
    0,
    1,
    1,
    0,
    0,
    1,
    0,
    1,
    1,
    1,
    0,
    0,
    1,
    0,
    0,
    0,
    1,
    1,
    0,
    0,
    1,
    1,
    1,
    0,
    1,
    0,
    0,
    1,
    0,
    0,
    0,
    0,
    0,
    0,
    0,
    0,
    0,
    1,
    1,
    1,
    1,
    0,
    0,
    1,
    0,
    0,
    0,
    0,
    0,
    0,
    1,
    0,
    1,
    1,
    1,
    1,
    1,
    1,
    1,
    1,
    0
  ],
  "metrics": {
    "SiSNR": 74.79494571685791,
    "BER": 0.4375,
    "NC": 0.11555252264060877,
    "PESQ": 4.998712289404619,
    "PSNR": 92.63561248779297,
    "MSE": 5.450534468209867e-10,
    "SSIM": 0.0,
    "TPR": 0.5384615384615384,
    "FPR": 0.42105263157894735
  }
}