{
  "method": "DCT",
  "alpha": 0.01,
  "original_file": "100sample_wav/music_wav/In De Nadfin - Nombre de cancio\u0301n punk generica ODIO.wav",
  "watermark_bits": [
    0,
    0,
    1,
    0,
    0,
    0,
    0,
    0,
    1,
    0,
    0,
    0,
    0,
    0,
    0,
    0,
    1,
    0,
    1,
    1,
    0,
    0,
    1,
    1,
    1,
    0,
    0,
    1,
    0,
    0,
    1,
    0,
    1,
    1,
    1,
    0,
    1,
    0,
    1,
    0,
    1,
    1,
    0,
    0,
    0,
    0,
    1,
    0,
    0,
    0,
    1,
    1,
    1,
    1,
    0,
    1,
    1,
    0,
    1,
    0,
    0,
    0,
    0,
    1
  ],
  "extracted_bits": [
    0,
    1,
    1,
    1,
    1,
    1,
    0,
    1,
    1,
    1,
    1,
    0,
    0,
    0,
    1,
    1,
    1,
    1,
    0,
    0,
    0,
    0,
    1,
    1,
    1,
    0,
    0,
    1,
    0,
    1,
    1,
    1,
    1,
    1,
    0,
    0,
    0,
    0,
    0,
    0,
    1,
    1,
    0,
    1,
    1,
    0,
    0,
    0,
    0,
    1,
    1,
    1,
    0,
    0,
    0,
    0,
    1,
    1,
    0,
    1,
    0,
    1,
    1,
    1
  ],
  "metrics": {
    "SiSNR": 83.67493629455566,
    "BER": 0.453125,
    "NC": 0.11383959916814836,
    "PESQ": 4.999941333645943,
    "PSNR": 96.56763076782227,
    "MSE": 2.2041281300122506e-10,
    "SSIM": 0.0,
    "TPR": 0.6153846153846154,
    "FPR": 0.5
  }
}