{
  "method": "Spread_Spectrum",
  "alpha": 0.001,
  "original_file": "100sample_wav/music_wav/JACK NICKLAUS TRIBUTE BAND - Kitty.wav",
  "watermark_bits": [
    0,
    0,
    1,
    0,
    0,
    0,
    0,
    0,
    1,
    0,
    0,
    0,
    0,
    0,
    0,
    0,
    1,
    0,
    1,
    1,
    0,
    0,
    1,
    1,
    1,
    0,
    0,
    1,
    0,
    0,
    1,
    0,
    1,
    1,
    1,
    0,
    1,
    0,
    1,
    0,
    1,
    1,
    0,
    0,
    0,
    0,
    1,
    0,
    0,
    0,
    1,
    1,
    1,
    1,
    0,
    1,
    1,
    0,
    1,
    0,
    0,
    0,
    0,
    1
  ],
  "extracted_bits": [
    0,
    0,
    1,
    0,
    0,
    1,
    0,
    0,
    1,
    0,
    0,
    0,
    1,
    0,
    0,
    0,
    1,
    0,
    1,
    1,
    0,
    0,
    1,
    1,
    1,
    0,
    0,
    1,
    0,
    1,
    0,
    0,
    1,
    1,
    0,
    1,
    1,
    0,
    1,
    0,
    0,
    1,
    0,
    0,
    0,
    0,
    1,
    0,
    0,
    0,
    1,
    1,
    1,
    1,
    0,
    1,
    1,
    1,
    1,
    0,
    0,
    0,
    0,
    0
  ],
  "metrics": {
    "SiSNR": 48.690608541594855,
    "BER": 0.140625,
    "NC": 0.710629913116473,
    "PESQ": 4.955887978570476,
    "PSNR": 60.582743046610396,
    "MSE": 8.744313013719679e-07,
    "SSIM": 0.0,
    "TPR": 0.8461538461538461,
    "FPR": 0.13157894736842105
  }
}