{
  "method": "DCT",
  "alpha": 0.01,
  "original_file": "100sample_wav/music_wav/JACK NICKLAUS TRIBUTE BAND - Kitty.wav",
  "watermark_bits": [
    0,
    0,
    1,
    0,
    0,
    0,
    0,
    0,
    1,
    0,
    0,
    0,
    0,
    0,
    0,
    0,
    1,
    0,
    1,
    1,
    0,
    0,
    1,
    1,
    1,
    0,
    0,
    1,
    0,
    0,
    1,
    0,
    1,
    1,
    1,
    0,
    1,
    0,
    1,
    0,
    1,
    1,
    0,
    0,
    0,
    0,
    1,
    0,
    0,
    0,
    1,
    1,
    1,
    1,
    0,
    1,
    1,
    0,
    1,
    0,
    0,
    0,
    0,
    1
  ],
  "extracted_bits": [
    0,
    1,
    1,
    0,
    1,
    1,
    0,
    0,
    0,
    1,
    1,
    0,
    0,
    1,
    0,
    1,
    0,
    0,
    0,
    1,
    1,
    0,
    0,
    0,
    1,
    0,
    1,
    0,
    0,
    0,
    0,
    1,
    1,
    0,
    1,
    1,
    0,
    0,
    0,
    0,
    1,
    0,
    1,
    0,
    0,
    1,
    0,
    1,
    0,
    0,
    0,
    1,
    1,
    1,
    0,
    1,
    0,
    1,
    0,
    0,
    0,
    1,
    1,
    0
  ],
  "metrics": {
    "SiSNR": 74.69367504119873,
    "BER": 0.515625,
    "NC": -0.06240659293657413,
    "PESQ": 4.989459266553403,
    "PSNR": 86.58586502075195,
    "MSE": 2.1948922679371208e-09,
    "SSIM": 0.0,
    "TPR": 0.38461538461538464,
    "FPR": 0.4473684210526316
  }
}