{
  "method": "DCT",
  "alpha": 0.01,
  "original_file": "100sample_wav/music_wav/nina K ,oso el roto - finnish eyes (de et avec Nina K.).wav",
  "watermark_bits": [
    0,
    0,
    1,
    0,
    0,
    0,
    0,
    0,
    1,
    0,
    0,
    0,
    0,
    0,
    0,
    0,
    1,
    0,
    1,
    1,
    0,
    0,
    1,
    1,
    1,
    0,
    0,
    1,
    0,
    0,
    1,
    0,
    1,
    1,
    1,
    0,
    1,
    0,
    1,
    0,
    1,
    1,
    0,
    0,
    0,
    0,
    1,
    0,
    0,
    0,
    1,
    1,
    1,
    1,
    0,
    1,
    1,
    0,
    1,
    0,
    0,
    0,
    0,
    1
  ],
  "extracted_bits": [
    0,
    1,
    0,
    1,
    0,
    1,
    1,
    1,
    0,
    0,
    1,
    0,
    1,
    1,
    0,
    1,
    1,
    0,
    1,
    0,
    1,
    1,
    0,
    0,
    1,
    1,
    0,
    1,
    0,
    1,
    0,
    1,
    0,
    1,
    0,
    1,
    0,
    1,
    0,
    1,
    0,
    0,
    1,
    0,
    1,
    0,
    1,
    0,
    1,
    0,
    1,
    1,
    0,
    1,
    0,
    0,
    1,
    1,
    0,
    1,
    0,
    1,
    0,
    0
  ],
  "metrics": {
    "SiSNR": 90.73325157165527,
    "BER": 0.609375,
    "NC": -0.21684040235335567,
    "PESQ": 4.795382448138915,
    "PSNR": 106.4615535736084,
    "MSE": 2.258628006845953e-11,
    "SSIM": 0.0,
    "TPR": 0.38461538461538464,
    "FPR": 0.6052631578947368
  }
}