{
  "method": "DCT",
  "alpha": 0.01,
  "original_file": "100sample_wav/music_wav/nina K ,oso el roto - pauvrevieillemadame.wav",
  "watermark_bits": [
    0,
    0,
    1,
    0,
    0,
    0,
    0,
    0,
    1,
    0,
    0,
    0,
    0,
    0,
    0,
    0,
    1,
    0,
    1,
    1,
    0,
    0,
    1,
    1,
    1,
    0,
    0,
    1,
    0,
    0,
    1,
    0,
    1,
    1,
    1,
    0,
    1,
    0,
    1,
    0,
    1,
    1,
    0,
    0,
    0,
    0,
    1,
    0,
    0,
    0,
    1,
    1,
    1,
    1,
    0,
    1,
    1,
    0,
    1,
    0,
    0,
    0,
    0,
    1
  ],
  "extracted_bits": [
    1,
    0,
    1,
    0,
    1,
    1,
    0,
    1,
    0,
    1,
    0,
    0,
    1,
    0,
    1,
    0,
    1,
    1,
    1,
    0,
    0,
    1,
    0,
    1,
    0,
    0,
    1,
    0,
    1,
    0,
    1,
    0,
    1,
    1,
    1,
    1,
    0,
    1,
    0,
    1,
    0,
    0,
    1,
    0,
    1,
    0,
    1,
    0,
    1,
    1,
    0,
    1,
    1,
    1,
    0,
    1,
    1,
    0,
    1,
    0,
    0,
    0,
    1,
    1
  ],
  "metrics": {
    "SiSNR": 84.80401992797852,
    "BER": 0.453125,
    "NC": 0.11383959916814836,
    "PESQ": 4.990406493618379,
    "PSNR": 104.9449634552002,
    "MSE": 3.202606582708434e-11,
    "SSIM": 0.0,
    "TPR": 0.6153846153846154,
    "FPR": 0.5
  }
}