{
  "method": "DCT",
  "alpha": 0.01,
  "original_file": "100sample_wav/speech_wav/adventureholmes_04_doyle_64kb_part3.wav",
  "watermark_bits": [
    0,
    0,
    1,
    0,
    0,
    0,
    0,
    0,
    1,
    0,
    0,
    0,
    0,
    0,
    0,
    0,
    1,
    0,
    1,
    1,
    0,
    0,
    1,
    1,
    1,
    0,
    0,
    1,
    0,
    0,
    1,
    0,
    1,
    1,
    1,
    0,
    1,
    0,
    1,
    0,
    1,
    1,
    0,
    0,
    0,
    0,
    1,
    0,
    0,
    0,
    1,
    1,
    1,
    1,
    0,
    1,
    1,
    0,
    1,
    0,
    0,
    0,
    0,
    1
  ],
  "extracted_bits": [
    1,
    1,
    0,
    1,
    1,
    1,
    0,
    1,
    0,
    0,
    0,
    0,
    0,
    1,
    0,
    1,
    0,
    1,
    0,
    1,
    0,
    0,
    0,
    0,
    1,
    0,
    0,
    0,
    1,
    0,
    1,
    0,
    0,
    0,
    1,
    0,
    0,
    0,
    1,
    0,
    1,
    0,
    1,
    0,
    1,
    0,
    1,
    1,
    1,
    0,
    0,
    0,
    1,
    0,
    1,
    0,
    0,
    0,
    1,
    0,
    0,
    1,
    1,
    0
  ],
  "metrics": {
    "SNR": 74.10537719726562,
    "BER": 0.53125,
    "NC": -0.10121457489878544,
    "PESQ": 4.999012202536921,
    "PSNR": 98.97732734680176,
    "MSE": 1.2655161640839907e-10,
    "SSIM": 0.0
  }
}