{
  "method": "Spread_Spectrum",
  "alpha": 0.001,
  "original_file": "100sample_wav/speech_wav/adventureholmes_03_doyle_64kb_part1.wav",
  "watermark_bits": [
    0,
    0,
    1,
    0,
    0,
    0,
    0,
    0,
    1,
    0,
    0,
    0,
    0,
    0,
    0,
    0,
    1,
    0,
    1,
    1,
    0,
    0,
    1,
    1,
    1,
    0,
    0,
    1,
    0,
    0,
    1,
    0,
    1,
    1,
    1,
    0,
    1,
    0,
    1,
    0,
    1,
    1,
    0,
    0,
    0,
    0,
    1,
    0,
    0,
    0,
    1,
    1,
    1,
    1,
    0,
    1,
    1,
    0,
    1,
    0,
    0,
    0,
    0,
    1
  ],
  "extracted_bits": [
    0,
    0,
    1,
    0,
    0,
    0,
    0,
    0,
    1,
    0,
    0,
    0,
    0,
    0,
    0,
    0,
    1,
    0,
    1,
    1,
    0,
    0,
    0,
    1,
    1,
    0,
    0,
    1,
    0,
    0,
    1,
    0,
    1,
    1,
    1,
    0,
    1,
    0,
    1,
    0,
    1,
    1,
    0,
    0,
    0,
    0,
    1,
    0,
    0,
    0,
    0,
    1,
    1,
    1,
    0,
    1,
    1,
    0,
    1,
    0,
    0,
    0,
    0,
    1
  ],
  "metrics": {
    "SNR": 45.98886482149506,
    "BER": 0.03125,
    "NC": 0.9364417103712739,
    "PESQ": 4.868404214078344,
    "PSNR": 60.582743046610396,
    "MSE": 8.744313013719681e-07,
    "SSIM": 0.0
  }
}