{
  "method": "DCT",
  "alpha": 0.01,
  "original_file": "100sample_wav/speech_wav/adventureholmes_11_doyle_64kb_part3.wav",
  "watermark_bits": [
    0,
    0,
    1,
    0,
    0,
    0,
    0,
    0,
    1,
    0,
    0,
    0,
    0,
    0,
    0,
    0,
    1,
    0,
    1,
    1,
    0,
    0,
    1,
    1,
    1,
    0,
    0,
    1,
    0,
    0,
    1,
    0,
    1,
    1,
    1,
    0,
    1,
    0,
    1,
    0,
    1,
    1,
    0,
    0,
    0,
    0,
    1,
    0,
    0,
    0,
    1,
    1,
    1,
    1,
    0,
    1,
    1,
    0,
    1,
    0,
    0,
    0,
    0,
    1
  ],
  "extracted_bits": [
    1,
    1,
    0,
    1,
    0,
    1,
    1,
    1,
    1,
    0,
    1,
    1,
    0,
    0,
    1,
    0,
    1,
    0,
    1,
    0,
    0,
    1,
    0,
    0,
    0,
    0,
    0,
    1,
    0,
    0,
    0,
    0,
    0,
    0,
    0,
    1,
    0,
    1,
    1,
    0,
    1,
    1,
    1,
    1,
    1,
    1,
    0,
    0,
    1,
    0,
    1,
    1,
    0,
    0,
    1,
    0,
    1,
    0,
    1,
    1,
    0,
    0,
    0,
    0
  ],
  "metrics": {
    "SNR": 78.36331367492676,
    "BER": 0.53125,
    "NC": -0.07570682517832988,
    "PESQ": 4.999603993122825,
    "PSNR": 95.13883590698242,
    "MSE": 3.0627866909327395e-10,
    "SSIM": 0.0
  }
}