{
  "method": "Spread_Spectrum",
  "alpha": 0.001,
  "original_file": "100sample_wav/music_wav/anna xambo\u0301 - H2RI.05.wav",
  "watermark_bits": [
    0,
    0,
    1,
    0,
    0,
    0,
    0,
    0,
    1,
    0,
    0,
    0,
    0,
    0,
    0,
    0,
    1,
    0,
    1,
    1,
    0,
    0,
    1,
    1,
    1,
    0,
    0,
    1,
    0,
    0,
    1,
    0,
    1,
    1,
    1,
    0,
    1,
    0,
    1,
    0,
    1,
    1,
    0,
    0,
    0,
    0,
    1,
    0,
    0,
    0,
    1,
    1,
    1,
    1,
    0,
    1,
    1,
    0,
    1,
    0,
    0,
    0,
    0,
    1
  ],
  "extracted_bits": [
    1,
    0,
    0,
    0,
    0,
    0,
    0,
    0,
    0,
    0,
    0,
    0,
    0,
    0,
    0,
    1,
    1,
    1,
    1,
    1,
    0,
    0,
    1,
    1,
    1,
    0,
    0,
    1,
    0,
    0,
    1,
    0,
    1,
    1,
    1,
    0,
    1,
    0,
    1,
    0,
    1,
    1,
    0,
    0,
    1,
    0,
    1,
    0,
    1,
    0,
    0,
    1,
    0,
    1,
    0,
    0,
    0,
    0,
    1,
    0,
    0,
    0,
    1,
    1
  ],
  "metrics": {
    "SNR": 52.01677856160383,
    "BER": 0.1875,
    "NC": 0.611336032388664,
    "PESQ": 4.9981436421496515,
    "PSNR": 60.582743046610396,
    "MSE": 8.744313013719681e-07,
    "SSIM": 0.0
  }
}