{
  "method": "Spread_Spectrum",
  "alpha": 0.001,
  "original_file": "100sample_wav/music_wav/anna xambo\u0301 - H2RI.02.wav",
  "watermark_bits": [
    0,
    0,
    1,
    0,
    0,
    0,
    0,
    0,
    1,
    0,
    0,
    0,
    0,
    0,
    0,
    0,
    1,
    0,
    1,
    1,
    0,
    0,
    1,
    1,
    1,
    0,
    0,
    1,
    0,
    0,
    1,
    0,
    1,
    1,
    1,
    0,
    1,
    0,
    1,
    0,
    1,
    1,
    0,
    0,
    0,
    0,
    1,
    0,
    0,
    0,
    1,
    1,
    1,
    1,
    0,
    1,
    1,
    0,
    1,
    0,
    0,
    0,
    0,
    1
  ],
  "extracted_bits": [
    0,
    0,
    1,
    0,
    0,
    0,
    0,
    0,
    1,
    1,
    1,
    0,
    1,
    0,
    0,
    0,
    1,
    0,
    0,
    1,
    0,
    0,
    1,
    1,
    1,
    1,
    0,
    1,
    0,
    0,
    0,
    0,
    1,
    1,
    1,
    0,
    1,
    0,
    1,
    0,
    1,
    1,
    0,
    0,
    0,
    0,
    1,
    0,
    1,
    0,
    0,
    1,
    1,
    1,
    0,
    1,
    1,
    1,
    1,
    0,
    0,
    0,
    0,
    1
  ],
  "metrics": {
    "SNR": 42.40246050110499,
    "BER": 0.140625,
    "NC": 0.7169897561643029,
    "PESQ": 4.999041109895417,
    "PSNR": 60.582743046610396,
    "MSE": 8.744313013719681e-07,
    "SSIM": 0.0
  }
}