{
  "method": "DCT",
  "alpha": 0.01,
  "original_file": "100sample_wav/speech_wav/autobiographyofelectron_21_gibson_64kb.wav",
  "watermark_bits": [
    0,
    0,
    1,
    0,
    0,
    0,
    0,
    0,
    1,
    0,
    0,
    0,
    0,
    0,
    0,
    0,
    1,
    0,
    1,
    1,
    0,
    0,
    1,
    1,
    1,
    0,
    0,
    1,
    0,
    0,
    1,
    0,
    1,
    1,
    1,
    0,
    1,
    0,
    1,
    0,
    1,
    1,
    0,
    0,
    0,
    0,
    1,
    0,
    0,
    0,
    1,
    1,
    1,
    1,
    0,
    1,
    1,
    0,
    1,
    0,
    0,
    0,
    0,
    1
  ],
  "extracted_bits": [
    1,
    1,
    0,
    0,
    1,
    0,
    1,
    0,
    0,
    0,
    1,
    0,
    1,
    0,
    0,
    0,
    1,
    0,
    1,
    1,
    0,
    0,
    0,
    1,
    0,
    0,
    0,
    1,
    1,
    0,
    1,
    1,
    1,
    0,
    0,
    0,
    1,
    1,
    1,
    1,
    0,
    0,
    0,
    0,
    0,
    1,
    1,
    1,
    0,
    1,
    1,
    1,
    1,
    0,
    0,
    1,
    1,
    1,
    0,
    1,
    0,
    1,
    1,
    1
  ],
  "metrics": {
    "SNR": 74.43854331970215,
    "BER": 0.421875,
    "NC": 0.16511700362686718,
    "PESQ": 4.999172313313784,
    "PSNR": 90.57302474975586,
    "MSE": 8.763910708253775e-10,
    "SSIM": 0.0
  }
}