{
  "method": "DCT",
  "alpha": 0.01,
  "original_file": "100sample_wav/music_wav/Decade in Exile - Ven Om by Decade in Exile.wav",
  "watermark_bits": [
    0,
    0,
    1,
    0,
    0,
    0,
    0,
    0,
    1,
    0,
    0,
    0,
    0,
    0,
    0,
    0,
    1,
    0,
    1,
    1,
    0,
    0,
    1,
    1,
    1,
    0,
    0,
    1,
    0,
    0,
    1,
    0,
    1,
    1,
    1,
    0,
    1,
    0,
    1,
    0,
    1,
    1,
    0,
    0,
    0,
    0,
    1,
    0,
    0,
    0,
    1,
    1,
    1,
    1,
    0,
    1,
    1,
    0,
    1,
    0,
    0,
    0,
    0,
    1
  ],
  "extracted_bits": [
    0,
    1,
    1,
    0,
    0,
    1,
    1,
    0,
    1,
    0,
    1,
    1,
    1,
    0,
    0,
    0,
    0,
    0,
    1,
    1,
    1,
    1,
    1,
    1,
    1,
    0,
    0,
    0,
    0,
    0,
    0,
    1,
    0,
    1,
    1,
    1,
    1,
    0,
    0,
    0,
    0,
    0,
    0,
    1,
    1,
    1,
    1,
    1,
    1,
    0,
    0,
    0,
    1,
    1,
    1,
    0,
    1,
    0,
    1,
    0,
    0,
    1,
    0,
    1
  ],
  "metrics": {
    "SNR": 78.77659320831299,
    "BER": 0.421875,
    "NC": 0.16511700362686718,
    "PESQ": 4.999982412947956,
    "PSNR": 91.89162254333496,
    "MSE": 6.469011992749074e-10,
    "SSIM": 0.0
  }
}