{
  "method": "SVD_STFT",
  "alpha": 0.01,
  "original_file": "100sample_wav/music_wav/epsilon not - just focus.wav",
  "watermark_bits": [
    0,
    0,
    1,
    0,
    0,
    0,
    0,
    0,
    1,
    0,
    0,
    0,
    0,
    0,
    0,
    0,
    1,
    0,
    1,
    1,
    0,
    0,
    1,
    1,
    1,
    0,
    0,
    1,
    0,
    0,
    1,
    0,
    1,
    1,
    1,
    0,
    1,
    0,
    1,
    0,
    1,
    1,
    0,
    0,
    0,
    0,
    1,
    0,
    0,
    0,
    1,
    1,
    1,
    1,
    0,
    1,
    1,
    0,
    1,
    0,
    0,
    0,
    0,
    1
  ],
  "extracted_bits": [
    1,
    1,
    1,
    1,
    1,
    1,
    1,
    1,
    1,
    1,
    1,
    1,
    1,
    1,
    1,
    1,
    1,
    1,
    1,
    1,
    1,
    1,
    1,
    1,
    1,
    1,
    1,
    1,
    1,
    1,
    1,
    1,
    1,
    1,
    1,
    1,
    1,
    1,
    1,
    1,
    1,
    1,
    1,
    1,
    1,
    1,
    1,
    1,
    1,
    1,
    1,
    1,
    1,
    1,
    1,
    1,
    1,
    1,
    1,
    1,
    1,
    1,
    1,
    1
  ],
  "metrics": {
    "SNR": -Infinity,
    "BER": 0.59375,
    "NC": 0.0,
    "PESQ": 1.0,
    "PSNR": 0.0,
    "MSE": 7.459851313063037e-12,
    "SSIM": 0.0
  }
}