{
  "method": "DCT",
  "alpha": 0.01,
  "original_file": "100sample_wav/music_wav/Filmy Ghost (Sa\u0301bila Orbe) - Dope Shadows.wav",
  "watermark_bits": [
    0,
    0,
    1,
    0,
    0,
    0,
    0,
    0,
    1,
    0,
    0,
    0,
    0,
    0,
    0,
    0,
    1,
    0,
    1,
    1,
    0,
    0,
    1,
    1,
    1,
    0,
    0,
    1,
    0,
    0,
    1,
    0,
    1,
    1,
    1,
    0,
    1,
    0,
    1,
    0,
    1,
    1,
    0,
    0,
    0,
    0,
    1,
    0,
    0,
    0,
    1,
    1,
    1,
    1,
    0,
    1,
    1,
    0,
    1,
    0,
    0,
    0,
    0,
    1
  ],
  "extracted_bits": [
    1,
    0,
    0,
    0,
    0,
    0,
    1,
    0,
    0,
    1,
    0,
    1,
    0,
    1,
    0,
    1,
    1,
    1,
    0,
    1,
    0,
    1,
    1,
    1,
    0,
    0,
    0,
    0,
    0,
    1,
    1,
    0,
    1,
    1,
    1,
    1,
    0,
    0,
    1,
    0,
    1,
    0,
    1,
    0,
    1,
    0,
    0,
    0,
    1,
    0,
    1,
    0,
    1,
    0,
    1,
    0,
    0,
    1,
    0,
    0,
    0,
    0,
    0,
    0
  ],
  "metrics": {
    "SNR": 77.87054538726807,
    "BER": 0.453125,
    "NC": 0.06643282473893375,
    "PESQ": 4.99996593325901,
    "PSNR": 97.80895233154297,
    "MSE": 1.6561681193127953e-10,
    "SSIM": 0.0
  }
}