{
  "method": "DCT",
  "alpha": 0.01,
  "original_file": "100sample_wav/music_wav/Manueljgrotesque - grotesque21.wav",
  "watermark_bits": [
    0,
    0,
    1,
    0,
    0,
    0,
    0,
    0,
    1,
    0,
    0,
    0,
    0,
    0,
    0,
    0,
    1,
    0,
    1,
    1,
    0,
    0,
    1,
    1,
    1,
    0,
    0,
    1,
    0,
    0,
    1,
    0,
    1,
    1,
    1,
    0,
    1,
    0,
    1,
    0,
    1,
    1,
    0,
    0,
    0,
    0,
    1,
    0,
    0,
    0,
    1,
    1,
    1,
    1,
    0,
    1,
    1,
    0,
    1,
    0,
    0,
    0,
    0,
    1
  ],
  "extracted_bits": [
    0,
    0,
    0,
    1,
    0,
    1,
    0,
    1,
    1,
    1,
    0,
    1,
    0,
    0,
    1,
    1,
    1,
    1,
    1,
    0,
    1,
    0,
    1,
    0,
    1,
    0,
    1,
    1,
    1,
    0,
    0,
    1,
    1,
    0,
    0,
    1,
    0,
    0,
    1,
    0,
    0,
    1,
    1,
    1,
    1,
    1,
    1,
    0,
    0,
    1,
    1,
    0,
    0,
    1,
    0,
    0,
    1,
    1,
    0,
    1,
    1,
    0,
    0,
    0
  ],
  "metrics": {
    "SNR": 74.64001655578613,
    "BER": 0.53125,
    "NC": -0.051799406700962544,
    "PESQ": 4.999945770524733,
    "PSNR": 91.96382522583008,
    "MSE": 6.362345095212163e-10,
    "SSIM": 0.0
  }
}