{
  "method": "DCT",
  "alpha": 0.01,
  "original_file": "100sample_wav/music_wav/mitsuru shimizu - bonus track sample.wav",
  "watermark_bits": [
    0,
    0,
    1,
    0,
    0,
    0,
    0,
    0,
    1,
    0,
    0,
    0,
    0,
    0,
    0,
    0,
    1,
    0,
    1,
    1,
    0,
    0,
    1,
    1,
    1,
    0,
    0,
    1,
    0,
    0,
    1,
    0,
    1,
    1,
    1,
    0,
    1,
    0,
    1,
    0,
    1,
    1,
    0,
    0,
    0,
    0,
    1,
    0,
    0,
    0,
    1,
    1,
    1,
    1,
    0,
    1,
    1,
    0,
    1,
    0,
    0,
    0,
    0,
    1
  ],
  "extracted_bits": [
    1,
    0,
    0,
    1,
    0,
    0,
    1,
    1,
    0,
    0,
    1,
    1,
    0,
    1,
    0,
    0,
    1,
    1,
    0,
    0,
    0,
    1,
    1,
    0,
    1,
    1,
    0,
    1,
    1,
    0,
    0,
    1,
    0,
    0,
    1,
    1,
    1,
    0,
    0,
    0,
    1,
    1,
    1,
    0,
    0,
    1,
    0,
    1,
    1,
    0,
    0,
    0,
    0,
    0,
    1,
    1,
    0,
    0,
    0,
    0,
    1,
    1,
    0,
    0
  ],
  "metrics": {
    "SNR": 82.33572006225586,
    "BER": 0.578125,
    "NC": -0.17774954957833694,
    "PESQ": 4.948161899902788,
    "PSNR": 93.02282333374023,
    "MSE": 4.985602486407004e-10,
    "SSIM": 0.0
  }
}