{
  "method": "DCT",
  "alpha": 0.01,
  "original_file": "100sample_wav/music_wav/Squire Tuck - Midnight Chillin'.wav",
  "watermark_bits": [
    0,
    0,
    1,
    0,
    0,
    0,
    0,
    0,
    1,
    0,
    0,
    0,
    0,
    0,
    0,
    0,
    1,
    0,
    1,
    1,
    0,
    0,
    1,
    1,
    1,
    0,
    0,
    1,
    0,
    0,
    1,
    0,
    1,
    1,
    1,
    0,
    1,
    0,
    1,
    0,
    1,
    1,
    0,
    0,
    0,
    0,
    1,
    0,
    0,
    0,
    1,
    1,
    1,
    1,
    0,
    1,
    1,
    0,
    1,
    0,
    0,
    0,
    0,
    1
  ],
  "extracted_bits": [
    1,
    0,
    0,
    0,
    1,
    1,
    1,
    1,
    1,
    1,
    0,
    0,
    0,
    0,
    1,
    0,
    1,
    1,
    1,
    0,
    0,
    1,
    1,
    0,
    0,
    1,
    1,
    0,
    1,
    1,
    1,
    0,
    0,
    0,
    1,
    1,
    1,
    0,
    0,
    0,
    0,
    1,
    1,
    1,
    0,
    0,
    0,
    0,
    1,
    1,
    0,
    0,
    0,
    1,
    1,
    0,
    0,
    1,
    0,
    1,
    1,
    0,
    0,
    1
  ],
  "metrics": {
    "SNR": 86.56659126281738,
    "BER": 0.59375,
    "NC": -0.19088542889273333,
    "PESQ": 4.990842930735309,
    "PSNR": 105.4529857635498,
    "MSE": 2.8490598769082e-11,
    "SSIM": 0.0
  }
}