condition,ber,nc,acc,tpr,fpr
Clean,1.0,0.0,0.4999999999975,0.99999999999,0.99999999999
MP3,1.0,0.0,0.4999999999975,0.99999999999,0.99999999999
Resample22k,1.0,0.0,0.4999999999975,0.99999999999,0.99999999999
Resample12k,1.0,0.0,0.4999999999975,0.99999999999,0.99999999999
WhiteNoise20,1.0,0.0,0.4999999999975,0.99999999999,0.99999999999
Speed1.25x,1.0,0.0,0.4999999999975,0.99999999999,0.99999999999
